{
  "results": [
    {
      "command": "darktable-cli . /tmp/test/",
      "mean": 28.22900500718,
      "stddev": 1.100344659637094,
      "median": 27.76123335818,
      "user": 30.168590499999997,
      "system": 3.38336432,
      "min": 27.53962557368,
      "max": 29.85392773868,
      "times": [
        29.85392773868,
        27.53962557368,
        27.96002545068,
        27.56244126568
      ],
      "exit_codes": [
        0,
        0,
        0,
        0
      ]
    },
    {
      "command": "boubo_trace /usr/bin/darktable-cli . /tmp/test/",
      "mean": 36.131112075429996,
      "stddev": 0.5325598166476986,
      "median": 36.098901867180004,
      "user": 32.423576749999995,
      "system": 9.649104569999999,
      "min": 35.54596872168,
      "max": 36.78067584568,
      "times": [
        36.78067584568,
        35.89340363868,
        35.54596872168,
        36.30440009568
      ],
      "exit_codes": [
        0,
        0,
        0,
        0
      ]
    }
  ]
}
