{
  "results": [
    {
      "command": "darktable-cli . /tmp/test/",
      "mean": 5.90476484237,
      "stddev": 0.46940864669497306,
      "median": 5.88308395512,
      "user": 12.0115272,
      "system": 0.74502584,
      "min": 5.41193943112,
      "max": 6.44095202812,
      "times": [
        5.41193943112,
        6.44095202812,
        6.13775995212,
        5.62840795812
      ],
      "exit_codes": [
        0,
        0,
        0,
        0
      ]
    },
    {
      "command": "boubo_trace /usr/bin/darktable-cli . /tmp/test/",
      "mean": 6.54038553537,
      "stddev": 0.09578063817026339,
      "median": 6.52829855562,
      "user": 9.692585200000002,
      "system": 1.75632959,
      "min": 6.44500166512,
      "max": 6.65994336512,
      "times": [
        6.57210177712,
        6.65994336512,
        6.44500166512,
        6.48449533412
      ],
      "exit_codes": [
        0,
        0,
        0,
        0
      ]
    }
  ]
}
