{
  "results": [
    {
      "command": "iperf3 -c localhost -n 50G",
      "mean": 11.003998094970001,
      "stddev": 0.0002503760332277942,
      "median": 11.00396058172,
      "user": 0.15756926,
      "system": 8.706414769999999,
      "min": 11.00374479922,
      "max": 11.00432641722,
      "times": [
        11.004042116219999,
        11.00374479922,
        11.00387904722,
        11.00432641722
      ],
      "exit_codes": [
        0,
        0,
        0,
        0
      ]
    },
    {
      "command": "boubo_trace /usr/bin/iperf3 -- -c localhost -n 50G",
      "mean": 11.007933622969999,
      "stddev": 0.0005416580389267324,
      "median": 11.00802226922,
      "user": 0.13660425999999998,
      "system": 8.665197769999999,
      "min": 11.007196619219998,
      "max": 11.008493334219999,
      "times": [
        11.00795897322,
        11.007196619219998,
        11.00808556522,
        11.008493334219999
      ],
      "exit_codes": [
        0,
        0,
        0,
        0
      ]
    }
  ]
}
