{
  "results": [
    {
      "command": "sysbench memory run",
      "mean": 10.00354094359,
      "stddev": 0.00023753583069122206,
      "median": 10.00353852284,
      "user": 9.96885516,
      "system": 0.0037345200000000003,
      "min": 10.00329221434,
      "max": 10.003794514339999,
      "times": [
        10.00368531134,
        10.00339173434,
        10.003794514339999,
        10.00329221434
      ],
      "exit_codes": [
        0,
        0,
        0,
        0
      ]
    },
    {
      "command": "boubo_trace /usr/bin/sysbench -- memory run",
      "mean": 10.005607479590001,
      "stddev": 0.0004873184492372773,
      "median": 10.00553581634,
      "user": 9.96905041,
      "system": 0.00393552,
      "min": 10.00516263834,
      "max": 10.00619564734,
      "times": [
        10.00581718934,
        10.00516263834,
        10.00619564734,
        10.00525444334
      ],
      "exit_codes": [
        0,
        0,
        0,
        0
      ]
    }
  ]
}
