{
  "results": [
    {
      "command": "./main",
      "mean": 0.47022147026000005,
      "stddev": 0.0028788076411453267,
      "median": 0.4701891382600001,
      "user": 0.37236606666666666,
      "system": 0.09539771333333334,
      "min": 0.46673316576000007,
      "max": 0.47415145576000006,
      "times": [
        0.47184758076000005,
        0.47415145576000006,
        0.46673316576000007,
        0.46800187976,
        0.46853069576000006,
        0.47206404376000005
      ],
      "exit_codes": [
        0,
        0,
        0,
        0,
        0,
        0
      ]
    },
    {
      "command": "../../../target/release/boubo_trace ./main",
      "mean": 13.69513741226,
      "stddev": 0.16807543445048587,
      "median": 13.72637703976,
      "user": 1.5636364,
      "system": 11.54775338,
      "min": 13.46797920476,
      "max": 13.85981636476,
      "times": [
        13.85981636476,
        13.68123162076,
        13.46797920476,
        13.77152245876
      ],
      "exit_codes": [
        0,
        0,
        0,
        0
      ]
    }
  ]
}
